{
  "percent_draft" : 0.03829029385574354,
  "percent_inbox" : 0.09528049866429207,
  "percent_sent" : 0.07212822796081923,
  "percent_spam" : 0,
  "percent_starred" : 0,
  "percent_trash" : 0,
  "percent_unread" : 366
}